url,url_mobile,title,seendate,socialimage,domain,language,sourcecountry
https://www.tribunnews.com/internasional/7868849/trump-akan-segera-deklarasikan-selat-hormuz-sebagai-wilayah-as,https://m.tribunnews.com/internasional/7868849/trump-akan-segera-deklarasikan-selat-hormuz-sebagai-wilayah-as,Trump Akan Segera Deklarasikan Selat Hormuz sebagai Wilayah AS,20260814T223000Z,https://asset.tribunnews.com/zQKCBTI5rqSp0kX8HeCpYAsj-Bw=/1200x675/filters:upscale():quality(30):format(webp):focal(0.5x0.5:0.5x0.5)/tribunnews/foto/bank/originals/residen-AS-Donald-Trump-Senin-27-Juli-2026-Foto-Res.jpg,tribunnews.com,Indonesian,Indonesia
https://www.tribunnews.com/internasional/7868979/trump-mau-caplok-selat-hormuz-iran-balik-menantang-kami-tak-takut-jalur-ini-tetap-milik-kami,https://m.tribunnews.com/internasional/7868979/trump-mau-caplok-selat-hormuz-iran-balik-menantang-kami-tak-takut-jalur-ini-tetap-milik-kami,"Trump Mau Caplok Selat Hormuz ! Iran Balik Menantang :  Kami Tak Takut , Jalur Ini Tetap Milik Kami ! ",20260815T074500Z,https://asset.tribunnews.com/kz1XakYaNklFiMleGnSgUvb7wCg=/1200x675/filters:upscale():quality(30):format(webp):focal(0.5x0.5:0.5x0.5)/tribunnews/foto/bank/originals/Selat-Hormuz-iran-amerika-serikat.jpg,tribunnews.com,Indonesian,Indonesia
https://aceh.tribunnews.com/news/1038719/trump-klaim-as-kuasai-selat-hormuz-iran-membantah-jalur-minyak-dunia-tetap-ditutup,,"Trump Klaim AS Kuasai Selat Hormuz , Iran Membantah : Jalur Minyak Dunia Tetap Ditutup",20260814T043000Z,https://asset.tribunnews.com/q59fILQa922ixu9j4yWtQntYYQk=/1200x675/filters:upscale():quality(30):format(webp):focal(0.5x0.5:0.5x0.5)/aceh/foto/bank/originals/Timur-Tengah-Memanas-Iran-Tuding-AS-Mulai-Perang-Hibrida-Pentagon-Bidik-Serangan-Terbaru.jpg,aceh.tribunnews.com,Indonesian,Indonesia
https://www.tribunnews.com/internasional/7868493/panas-iran-patahkan-klaim-trump-soal-selat-hormuz-kapal-as-dan-israel-diancam-dilarang-melintas,https://m.tribunnews.com/internasional/7868493/panas-iran-patahkan-klaim-trump-soal-selat-hormuz-kapal-as-dan-israel-diancam-dilarang-melintas,"Panas ! Iran Patahkan Klaim Trump soal Selat Hormuz , Kapal AS dan Israel Diancam Dilarang Melintas",20260814T060000Z,https://asset.tribunnews.com/WkfMA7U74kclEV7xbO45aRZ6leg=/1200x675/filters:upscale():quality(30):format(webp):focal(0.5x0.5:0.5x0.5)/tribunnews/foto/bank/originals/situasi-Selat-Hormuz-pada-13-Agustus-2026-pukul-1705-WIB.jpg,tribunnews.com,Indonesian,Indonesia
https://www.kompas.com/global/read/2026/08/20/070000870/iran-sebut-california-sebagai-wilayah-barunya-balas-klaim-trump-pada,,"Iran Sebut California sebagai Wilayah Barunya , Balas Klaim Trump pada Hormuz",20260820T004500Z,"https://asset.kompas.com/crops/XflNoFwRu1ynjGG4Ubnfp1fxtNY=/0x0:1191x794/1200x675/filters:watermark(data/photo/2026/01/30/697c81ac46b81.png,0,-0,1)/data/photo/2026/08/19/6a85983313384.jpeg",kompas.com,Indonesian,Indonesia
https://www.alwatanvoice.com/arabic/news/2026/08/18/1553554.html,,ترامب ينشر خريطة تُظهر مضيق هرمز باعتباره  أرضًا أمريكية  ,20260819T173000Z,https://images.alwatanvoice.com/news/large/3465254b-d803-4f8e-9c93-423bd7f3c04d.jpg,alwatanvoice.com,Arabic,Israel
https://money.kompas.com/read/2026/08/17/195500726/selat-hormuz-nyaris-sepi-lalu-lintas-kapal-turun-90-persen,,"Selat Hormuz Nyaris Sepi , Lalu Lintas Kapal Turun 90 Persen",20260817T131500Z,"https://asset.kompas.com/crops/3TLGdOEzzhIN5rj0MhJokyo5iH4=/63x0:1076x675/1200x675/filters:watermark(data/photo/2026/01/30/697c815e7ef28.png,0,-0,1)/data/photo/2026/06/19/6a34b8820f9be.jpg",money.kompas.com,Indonesian,Indonesia
https://aceh.tribunnews.com/news/1039544/trump-ingin-kuasai-selat-hormuz-peta-wilayah-baru-as-picu-kemarahan-iran,,"Trump Ingin Kuasai Selat Hormuz , Peta  Wilayah Baru AS  Picu Kemarahan Iran",20260819T073000Z,https://asset.tribunnews.com/LuR94Y9A-NMp8uiKEiRYDfCWR_4=/1200x675/filters:upscale():quality(30):format(webp):focal(0.5x0.5:0.5x0.5)/aceh/foto/bank/originals/situasi-tegang-di-kawasan-Selat-Hormuz.jpg,aceh.tribunnews.com,Indonesian,Indonesia
https://money.kompas.com/read/2026/08/16/094224026/iran-bantah-klaim-trump-soal-selat-hormuz-jadi-wilayah-as,,Iran Bantah Klaim Trump soal Selat Hormuz Jadi Wilayah AS,20260816T030000Z,"https://asset.kompas.com/crops/4yAULeq5gWkN4i6GiQbAdBLx3Mc=/0x0:2000x1333/1200x675/filters:watermark(data/photo/2026/01/30/697c815e7ef28.png,0,-0,1)/data/photo/2026/04/13/69dc9c3ebe19e.jpg",money.kompas.com,Indonesian,Indonesia
https://www.tribunnews.com/internasional/7869351/trump-umumkan-akan-caplok-selat-hormuz-pejabat-iran-tidak-bisa-direbut-lewat-cuitan,https://m.tribunnews.com/internasional/7869351/trump-umumkan-akan-caplok-selat-hormuz-pejabat-iran-tidak-bisa-direbut-lewat-cuitan,"Trump Umumkan Akan Caplok Selat Hormuz , Pejabat Iran : Tidak Bisa Direbut Lewat Cuitan",20260816T100000Z,https://asset.tribunnews.com/E_9qhowZ518E4C2r0m9lHyIGh0A=/1200x675/filters:upscale():quality(30):format(webp):focal(0.5x0.5:0.5x0.5)/tribunnews/foto/bank/originals/Donald-T1rump-sampai-menyampaikan-pidato-di-Cross-Hall.jpg,tribunnews.com,Indonesian,Indonesia
https://aceh.tribunnews.com/news/1038911/trump-ingin-kuasai-selat-hormuz-iran-balik-tegaskan-jalur-strategis-itu-masih-di-bawah-kendalinya,,"Trump Ingin Kuasai Selat Hormuz , Iran Balik Tegaskan Jalur Strategis Itu Masih di Bawah Kendalinya",20260815T073000Z,https://asset.tribunnews.com/8nRNZV_54me6-CpLuZrxWmmDoxY=/1200x675/filters:upscale():quality(30):format(webp):focal(0.5x0.5:0.5x0.5)/aceh/foto/bank/originals/Presiden-Amerika-Serikat-AS-Donald-Trump-dalam-pidato-Selasa-2422026.jpg,aceh.tribunnews.com,Indonesian,Indonesia
https://www.tribunnews.com/internasional/7871035/as-bangun-jalur-pelayaran-rahasia-via-selat-hormuz-jutaan-barel-minyak-tinggalkan-teluk-setiap-hari,https://m.tribunnews.com/internasional/7871035/as-bangun-jalur-pelayaran-rahasia-via-selat-hormuz-jutaan-barel-minyak-tinggalkan-teluk-setiap-hari,"AS Bangun Jalur Pelayaran Rahasia via Selat Hormuz , Jutaan Barel Minyak Tinggalkan Teluk Setiap Hari",20260820T020000Z,https://asset.tribunnews.com/4dqXV0imXlVdSY5oakBxBF4lle4=/1200x675/filters:upscale():quality(30):format(webp):focal(0.5x0.5:0.5x0.5)/tribunnews/foto/bank/originals/Kapal-tanker-China-di-Selat-Hormuz.jpg,tribunnews.com,Indonesian,Indonesia
https://siap.viva.co.id/news/27402-trump-klaim-kuasai-selat-hormuz-jawaban-iran-justru-bikin-situasi-makin-tegang,https://siap.viva.co.id/amp/news/27402-trump-klaim-kuasai-selat-hormuz-jawaban-iran-justru-bikin-situasi-makin-tegang,"Trump Klaim Kuasai Selat Hormuz , Jawaban Iran Justru Bikin Situasi Makin Tegang",20260814T050000Z,https://thumb.viva.id/vivasiap/665x374/2026/08/14/6a7e94a488c8b-potret-ilustrasi-konflik-bersenjata-di-selat-hormuz_siap.jpg,siap.viva.co.id,Indonesian,Indonesia
https://international.sindonews.com/read/1740449/42/trump-unggah-peta-selat-hormuz-wilayah-baru-as-ini-reaksi-iran-1787058517,https://international.sindonews.com/newsread/1740449/42/trump-unggah-peta-selat-hormuz-wilayah-baru-as-ini-reaksi-iran-1787058517,"Trump Unggah Peta Selat Hormuz Wilayah Baru AS , Ini Reaksi Iran",20260818T154500Z,https://pict.sindonews.com/dyn/850/pena/news/2026/08/18/42/1740449/trump-unggah-peta-selat-hormuz-wilayah-baru-as-ini-reaksi-iran-xav.jpg,international.sindonews.com,Indonesian,Indonesia
http://arabic.people.com.cn/n3/2026/0814/c31663-20488661.html,,وزير الخارجية الإيراني يحذّر الولايات المتحدة من  سوء تقدير الوضع  بشأن مضيق هرمز,20260814T061500Z,,arabic.people.com.cn,Arabic,China
https://www.kompas.com/tren/read/2026/08/16/092900865/respons-iran-usai-trump-nyatakan-selat-hormuz-segera-jadi-wilayah-as,https://amp.kompas.com/tren/read/2026/08/16/092900865/respons-iran-usai-trump-nyatakan-selat-hormuz-segera-jadi-wilayah-as,Respons Iran Usai Trump Nyatakan Selat Hormuz Segera Jadi Wilayah AS,20260816T030000Z,"https://asset.kompas.com/crops/iKFTcsPVw54J0ck3BRg9d2Eo4ys=/0x0:2000x1333/1200x675/filters:watermark(data/photo/2026/01/30/697c818d0ca91.png,0,-0,1)/data/photo/2026/06/17/6a325eac6b01b.jpg",kompas.com,Indonesian,Indonesia
https://www.kompas.com/global/read/2026/08/16/164843070/iran-minta-trump-akui-kekalahan-tantang-presiden-as-soal-kendali-selat,,"Iran Minta Trump Akui Kekalahan , Tantang Presiden AS soal Kendali Selat Hormuz",20260816T101500Z,"https://asset.kompas.com/crops/xOTZUvh30WcKQmoYRNJRTLzoMZ8=/0x0:2000x1333/1200x675/filters:watermark(data/photo/2026/01/30/697c81ac46b81.png,0,-0,1)/data/photo/2026/06/05/6a22168444ab0.jpg",kompas.com,Indonesian,Indonesia
https://jambi.tribunnews.com/news/1202908/iran-gertak-trump-selat-hormuz-tak-bisa-direbut-lewat-cuitan-dan-kapal-induk,,Iran Gertak Trump : Selat Hormuz Tak Bisa Direbut Lewat Cuitan dan Kapal Induk,20260817T070000Z,https://asset.tribunnews.com/swmfqJMIMU-0B4G2zB2wK5HoDk8=/1200x675/filters:upscale():quality(30):format(webp):focal(0.5x0.5:0.5x0.5)/jambi/foto/bank/originals/20260817-Kolase-foto-Mojtaba-Khamenei-Iran-Donald-Trump-AS-dan-Selat-Hormuz.jpg,jambi.tribunnews.com,Indonesian,Indonesia
https://www.tribunnews.com/internasional/7870357/negosiator-utama-iran-tegaskan-selat-hormuz-tak-akan-dibuka-tunggu-as-penuhi-tuntutan-teheran,https://m.tribunnews.com/internasional/7870357/negosiator-utama-iran-tegaskan-selat-hormuz-tak-akan-dibuka-tunggu-as-penuhi-tuntutan-teheran,"Negosiator Utama Iran Tegaskan Selat Hormuz Tak Akan Dibuka , Tunggu AS Penuhi Tuntutan Teheran",20260818T123000Z,https://asset.tribunnews.com/KzJj9qrAaPsAG_w7Vl3UkCpeLVM=/1200x675/filters:upscale():quality(30):format(webp):focal(0.5x0.5:0.5x0.5)/tribunnews/foto/bank/originals/Kapal-Perang-Amerika-di-Selat-Hormuz.jpg,tribunnews.com,Indonesian,Indonesia
https://jogja.tribunnews.com/internasional/1221094/trump-berulah-lagi-labeli-selat-hormuz-sebagai-wilayah-baru-as,,"Trump Berulah Lagi , Labeli Selat Hormuz Sebagai Wilayah Baru AS",20260819T010000Z,https://asset.tribunnews.com/a_yUf3n0OoC9so7-kRGdmb1_YUU=/1200x675/filters:upscale():quality(30):format(webp):focal(0.5x0.5:0.5x0.5)/jogja/foto/bank/originals/Trump-Sebut-Selat-Hormuz-Wilayah-Baru-AS.jpg,jogja.tribunnews.com,Indonesian,Indonesia
https://jambi.tribunnews.com/news/1202784/trump-mau-klaim-as-pemilik-selat-hormuz-iran-gertak-tak-takut-kekuatan-as,,"Trump Mau Klaim AS Pemilik Selat Hormuz , Iran Gertak Tak Takut Kekuatan AS",20260815T074500Z,https://asset.tribunnews.com/SnDyJ9cnidceOGL14QVIWRMpzDY=/1200x675/filters:upscale():quality(30):format(webp):focal(0.5x0.5:0.5x0.5)/jambi/foto/bank/originals/20260815-Kolase-foto-Mojtaba-Khamenei-Iran-Donald-Trump-AS-dan-Selat-Hormuz-sa.jpg,jambi.tribunnews.com,Indonesian,Indonesia
https://aceh.tribunnews.com/news/1039508/trump-klaim-tak-ada-lagi-negosiasi-dengan-iran-sebut-selat-hormuz-sudah-terbuka,,"Trump Klaim Tak Ada Lagi Negosiasi dengan Iran , Sebut Selat Hormuz Sudah Terbuka",20260819T043000Z,https://asset.tribunnews.com/8nRNZV_54me6-CpLuZrxWmmDoxY=/1200x675/filters:upscale():quality(30):format(webp):focal(0.5x0.5:0.5x0.5)/aceh/foto/bank/originals/Presiden-Amerika-Serikat-AS-Donald-Trump-dalam-pidato-Selasa-2422026.jpg,aceh.tribunnews.com,Indonesian,Indonesia
https://www.almasryalyoum.com/news/details/4338184,,إيران : ترامب « خفيف العقل » ومضيق هرمز ملكنا,20260815T140000Z,https://mediaaws-live.almasryalyoum.com/almasryalyoum/uploads/images/2026/08/15/1943207.webp,almasryalyoum.com,Arabic,Egypt
https://www.tribunnews.com/internasional/7871494/terungkap-detail-operasi-rahasia-amerika-untuk-angkut-minyak-melalui-selat-hormuz,https://m.tribunnews.com/internasional/7871494/terungkap-detail-operasi-rahasia-amerika-untuk-angkut-minyak-melalui-selat-hormuz,"Terungkap , Detail Operasi Rahasia Amerika untuk Angkut Minyak Melalui Selat Hormuz",20260820T143000Z,https://asset.tribunnews.com/MnmjvmBTeqlP0uyAiwEYYQ28JhQ=/1200x675/filters:upscale():quality(30):format(webp):focal(0.5x0.5:0.5x0.5)/tribunnews/foto/bank/originals/kapal-kapal-tanker-di-Selat-Hormuz.jpg,tribunnews.com,Indonesian,Indonesia
https://www.aksalser.com/news/2026/08/15/%D8%A5%D9%8A%D8%B1%D8%A7%D9%86-%D8%B1%D8%AF%D8%A7-%D8%B9%D9%84%D9%89-%D8%AA%D8%B1%D8%A7%D9%85%D8%A8-%D9%87%D8%B1%D9%85%D8%B2-%D9%84%D8%A7-%D9%8A%D9%8F%D9%86%D8%AA%D8%B2%D8%B9-%D8%A8%D8%AA%D8%BA%D8%B1/,,إيران ردا على ترامب : هرمز لا يُنتزع بتغريدة أو حاملة طائرات – عكس السير,20260815T103000Z,https://www.aksalser.com/news/wp-content/uploads/2026/08/1-25.webp,aksalser.com,Arabic,Syria
https://www.kompas.com/global/read/2026/08/19/135100770/trump-sebut-gagasan-jadikan-selat-hormuz-wilayah-as-ide-yang-bagus,,Trump Sebut Gagasan Jadikan Selat Hormuz Wilayah AS Ide yang Bagus,20260819T071500Z,"https://asset.kompas.com/crops/ALr0my6JqliO4sU4WVsrl8qhj9M=/0x0:2559x1706/1200x675/filters:watermark(data/photo/2026/01/30/697c81ac46b81.png,0,-0,1)/data/photo/2026/08/16/6a814453ba7b6.jpeg",kompas.com,Indonesian,Indonesia
https://www.dostor.org/5673466,,عبدالحليم قنديل : تصريحات ترامب عن السيطرة على مضيق هرمز خادعة,20260820T024500Z,,dostor.org,Arabic,Egypt
https://www.elkhabar.com/monde/%D8%B7%D9%87%D8%B1%D8%A7%D9%86-%D8%AA%D8%B1%D8%AF-%D8%B9%D9%84%D9%89-%D8%AA%D8%B1%D8%A7%D9%85%D8%A8-273845,,طهران ترد على ترامب .. - العالم : الخبر,20260817T191500Z,https://www.elkhabar.com/storage/images/article/g_3f304996b37108f38ecbb5b8c9a881a8.webp,elkhabar.com,Arabic,Algeria
https://www.elwatannews.com/news/details/8339748,,باحث في الشؤون الإيرانية : طهران تنقل الخلاف مع واشنطن من الملف النووي إلى مضيق هرمز,20260815T110000Z,https://media.elwatannews.com/media/img/Large/2026/8/15/2026_8_15_12_33_6_235.jpg,elwatannews.com,Arabic,Egypt
https://alwasat.ly/news/international/528141,, « الخارجية الإيرانية »: اتفقنا مع عمان بشأن خريطة الملاحة البحرية في مضيق هرمز,20260815T133000Z,https://cdn-ar-1.alwasat.ly/uploads/articles/QwDBtN6RSofG70HSgeld.jpg,alwasat.ly,Arabic,Libya
https://arabic.cnn.com/middle-east/article/2026/08/14/revolutionary-guard-trump-strait-of-hormuz-is-closed-iran,https://arabic.cnn.com/amphtml/middle-east/article/2026/08/14/revolutionary-guard-trump-strait-of-hormuz-is-closed-iran,الحرس الثوري يرد على ترامب : مضيق هرمز مغلق,20260814T061500Z,,arabic.cnn.com,Arabic,United States
https://www.vetogate.com/5714724,,إيران تحتجز ناقلة نفط إماراتية في مضيق هرمز,20260817T190000Z,,vetogate.com,Arabic,Egypt
https://www.vetogate.com/5713522,,طهران : أمريكا تكبدت خسائر استراتيجية ولا يمكن السيطرة على مضيق هرمز عن طريق التغريدات,20260816T061500Z,,vetogate.com,Arabic,Egypt
https://www.aksalser.com/news/2026/08/16/%D8%A5%D9%8A%D8%B1%D8%A7%D9%86-%D8%B9%D9%84%D9%89-%D8%AA%D8%B1%D8%A7%D9%85%D8%A8-%D8%A7%D9%84%D8%A7%D9%87%D8%AA%D9%85%D8%A7%D9%85-%D8%A8%D8%B3%D9%84%D8%A7%D9%85%D8%AA%D9%87-%D8%A8%D8%AF%D9%84%D8%A7/,,إيران : على ترامب الاهتمام بسلامته بدلا من التهديدات بشأن هرمز – عكس السير,20260816T094500Z,https://www.aksalser.com/news/wp-content/uploads/2026/08/1-40.webp,aksalser.com,Arabic,Syria
https://www.shorouknews.com/news/view.aspx?cdate=16082026&id=c4403f44-d724-4a3d-b876-f5bde9dcc626,,قائد الجيش الإيراني يتحدى واشنطن : مضيق هرمز لن يعود كما كان وسنحميه مهما كانت الكلفة,20260816T153000Z,https://www.shorouknews.com/uploadedimages/Other/original/47856976087-098-789-89.JPG,shorouknews.com,Arabic,Egypt
https://www.shorouknews.com/news/view.aspx?cdate=14082026&id=17d073fe-2bb4-40df-8838-e0f605a0e2bf,,ترامب : سأعلن مضيق هرمز أرضا أمريكية بعد هزيمة إيران بالكامل,20260814T210000Z,https://www.shorouknews.com/uploadedimages/Other/original/1200x675_cmsv2_28e1fc43-166d-550c-b8d0-e1b558d5c334-8234268.jpg,shorouknews.com,Arabic,Egypt
https://www.kompas.com/global/read/2026/08/15/090100970/gertak-balik-trump-iran-buka-suara-soal-masa-depan-selat-hormuz,,"Gertak Balik Trump , Iran Buka Suara Soal Masa Depan Selat Hormuz",20260815T023000Z,"https://asset.kompas.com/crops/y0n8Gt7oES7Ini4p5r9XlqQltxI=/300x0:2000x1133/1200x675/filters:watermark(data/photo/2026/01/30/697c81ac46b81.png,0,-0,1)/data/photo/2026/05/04/69f87fcd256c8.jpg",kompas.com,Indonesian,Indonesia
https://www.jawapos.com/internasional/2608160144/iran-minta-as-akui-kekalahan-selat-hormuz-tetap-dikuasai-tehran,https://www.jawapos.com/amp/internasional/2608160144/iran-minta-as-akui-kekalahan-selat-hormuz-tetap-dikuasai-tehran,"Iran Minta AS Akui Kekalahan , Selat Hormuz Tetap Dikuasai Tehran",20260816T064500Z,https://cdn-assets.jawapos.com/images/1/2026/08/01/ilustrasi-kapal-tanker-di-perairan-selat-hormuz-ap-photokamran-jebreili-R8kU5.webp,jawapos.com,Indonesian,Indonesia
https://www.shorouknews.com/news/view.aspx?cdate=16082026&id=f5a04e96-a02c-40cf-be1d-9d46434594ad,,إيران : على ترامب الاهتمام بسلامته بدلا من التهديدات بشأن هرمز,20260816T071500Z,https://www.shorouknews.com/uploadedimages/Other/original/646313132222222222222222222222222222.JPG,shorouknews.com,Arabic,Egypt
https://alfajertv.com/news/worldnews/738920.html,,إيران لأمريكا : تقبلوا الحقيقة واعترفوا بخسائركم .. ومضيق هرمز سيبقى إيرانيًا – تلفزيون الفجر,20260816T103000Z,https://alfajertv.com/wp-content/uploads/2026/08/iiiiir-1774399438.webp,alfajertv.com,Arabic,Israel
https://aninews.in/news/world/middle-east/oman-negotiations-reopening-of-hormuz-are-two-separate-issues-iranian-fm-araghchi20260816111920/,,"Oman negotiations , reopening of Hormuz are two separate issues : Iranian FM Araghchi",20260816T061500Z,,aninews.in,English,India
https://www.liputan6.com/global/read/8272665/trump-pamer-peta-selat-hormuz-jadi-wilayah-baru-as,https://www.liputan6.com/amp/8272665/trump-pamer-peta-selat-hormuz-jadi-wilayah-baru-as,Trump Pamer Peta Selat Hormuz Jadi Wilayah Baru AS,20260818T174500Z,https://cdn1-production-images-kly.akamaized.net/EPceUWGWU1-A6NkzeSkrLTMBoWc=/1200x675/smart/filters:quality(75):strip_icc():format(jpeg)/kly-media-production/medias/5488493/original/037865300_1769753942-Untitled.jpg,liputan6.com,Indonesian,Indonesia
https://www.jawapos.com/internasional/2608180301/donald-trump-secara-tegas-mengancam-akan-deklarasikan-selat-hormuz-sebagai-wilayah-amerika-serikat,https://www.jawapos.com/amp/internasional/2608180301/donald-trump-secara-tegas-mengancam-akan-deklarasikan-selat-hormuz-sebagai-wilayah-amerika-serikat,Donald Trump secara Tegas Mengancam Akan Deklarasikan Selat Hormuz sebagai Wilayah Amerika Serikat,20260818T091500Z,https://cdn-assets.jawapos.com/images/1/2026/08/18/donald-trump-the-guardian-MJ4pV.webp,jawapos.com,Indonesian,Indonesia
https://www.express.pk/story/2827483/iran-blunt-response-to-trump-statement-the-strait-of-hormuz-will-be-ours-alone-2827483,https://www.express.pk/story/2827483/iran-blunt-response-to-trump-statement-the-strait-of-hormuz-will-be-ours-alone-2827483?amp=1,Iran blunt response to Trump statement The Strait of Hormuz will be ours alone,20260815T174500Z,https://img.express.pk/media/images/iran-control-strait-of-hurmuz1786650607-0/iran-control-strait-of-hurmuz1786650607-0-600x450.webp,express.pk,Urdu,Pakistan
https://www.almasryalyoum.com/news/details/4340558,,أول تعليق من إيران على إعلان ترامب مضيق هرمز أرض أمريكية جديدة,20260818T174500Z,https://mediaaws-live.almasryalyoum.com/almasryalyoum/uploads/images/2026/08/18/1948420.webp,almasryalyoum.com,Arabic,Egypt
https://www.elwatannews.com/news/details/8339804,, « الخارجية الإماراتية »: استهداف السفن في مضيق هرمز أعمال قرصنة إيرانية,20260815T123000Z,https://media.elwatannews.com/media/img/Large/2026/8/15/2026_8_15_14_5_55_2.png,elwatannews.com,Arabic,Egypt
https://www.moneycontrol.com/world/two-adnoc-tankers-attacked-in-strait-of-hormuz-uae-blames-iran-calls-it-flagrant-violation-article-14005998.html,https://www.moneycontrol.com/world/two-adnoc-tankers-attacked-in-strait-of-hormuz-uae-blames-iran-calls-it-flagrant-violation-article-14005998.html/amp,"Two ADNOC tankers attacked in Strait of Hormuz ; UAE blames Iran , calls it  flagrant violation  ",20260814T153000Z,https://images.moneycontrol.com/static-mcnews/2026/08/20260814144413_ADNOC-ships.jpg,moneycontrol.com,English,India
https://www.hindustantimes.com/world-news/donald-trump-says-will-declare-strait-of-hormuz-us-territory-iran-hits-back-101786755805948.html,https://www.hindustantimes.com/world-news/donald-trump-says-will-declare-strait-of-hormuz-us-territory-iran-hits-back-101786755805948-amp.html,"Donald Trump says will declare Strait of Hormuz  US territory , Iran hits back",20260815T033000Z,,hindustantimes.com,English,India
https://news.webindia123.com/news/Articles/World/20260815/4487293.html,,  Strait of Hormuz cannot be seized by tweet or election speech : Iran hits back at Trump  US territory  remark,20260815T003000Z,,news.webindia123.com,English,India
https://www.vetogate.com/5712577,,السعودية تدين استهداف سفينتين إماراتيتين في مضيق هرمز وتحمل إيران المسؤولية,20260814T111500Z,,vetogate.com,Arabic,Egypt
